<?xml version="1.0" encoding="UTF-8" standalone="yes"?>
<manifest>
  <control namespace="IT" constructor="EventElement" version="1.0.1" display-name-key="EventElement" description-key="EventElement description" control-type="standard" api-version="1.3.16">
    <external-service-usage enabled="false"/>
    <property name="sampleProperty" display-name-key="Property_Display_Key" description-key="Property_Desc_Key" of-type="SingleLine.Text" usage="bound" required="true"/>
    <event name="onButtonClick" pfx-default-value="Notify(&quot;Button Clicked&quot;);" display-name-key="onButtonClick" description-key="onButtonClick"/>
    <resources>
      <code path="bundle.js" order="1"/>
    </resources>
    <feature-usage/>
    <built-by name="pac" version="1.40.4"/>
  </control>
</manifest>